{
  "total_rows": 182688795,
  "unique_loans": 3657643,
  "elapsed_min": 13.5,
  "total_prepaid": 51401494,
  "total_defaulted": 46957,
  "seasoning_cpr": [
    0.0,
    0.2689,
    1.1854,
    2.1371,
    3.4759,
    5.6754,
    9.9648,
    15.2937,
    19.5611,
    23.2372,
    27.8153,
    33.0957,
    39.4414,
    45.8206,
    51.9795,
    57.5685,
    62.455,
    66.9672,
    70.8859,
    74.2353,
    77.3673,
    80.1647,
    82.7944,
    85.0892,
    87.1406,
    88.9258,
    90.4653,
    91.7709,
    92.8582,
    93.8719,
    94.7162,
    95.3719,
    96.0406,
    96.6794,
    97.1274,
    97.5129,
    97.8647,
    98.1823,
    98.467,
    98.7007,
    98.8899,
    99.0666,
    99.2114,
    99.3365,
    99.4606,
    99.5559,
    99.6411,
    99.7195,
    99.7815,
    99.8351,
    99.8879,
    99.9288,
    99.9527,
    99.9676,
    99.978,
    99.9864,
    99.9919,
    99.9949,
    99.997,
    99.9982,
    99.9986,
    99.9989,
    99.9991,
    99.9994,
    99.9995,
    99.9995,
    99.9995,
    99.9995,
    99.9996,
    99.9997,
    99.9997,
    99.9997,
    99.9998,
    99.9998,
    99.9998,
    99.9998,
    99.9999,
    100.0,
    100.0,
    100.0,
    100.0,
    100.0,
    100.0,
    100.0,
    100.0,
    100.0,
    100.0,
    100.0,
    100.0,
    100.0,
    100.0,
    100.0,
    100.0,
    100.0,
    100.0,
    100.0,
    100.0,
    100.0,
    100.0,
    100.0,
    100.0,
    100.0,
    100.0,
    100.0,
    100.0,
    100.0,
    100.0,
    100.0,
    100.0,
    100.0,
    100.0,
    100.0,
    100.0,
    100.0,
    100.0,
    100.0,
    100.0,
    100.0,
    100.0,
    100.0,
    100.0,
    100.0,
    100.0,
    100.0,
    100.0,
    100.0,
    100.0,
    100.0,
    100.0,
    100.0,
    100.0,
    0.0,
    0.0,
    0.0,
    0.0,
    0.0,
    0.0,
    0.0,
    0.0,
    0.0,
    0.0,
    0.0,
    0.0,
    0.0,
    0.0,
    0.0,
    0.0,
    0.0,
    0.0,
    0.0,
    0.0,
    0.0,
    0.0,
    0.0,
    0.0,
    0.0,
    0.0,
    0.0,
    0.0,
    0.0,
    0.0,
    0.0,
    0.0,
    0.0,
    0.0,
    0.0,
    0.0,
    0.0,
    0.0,
    0.0,
    0.0,
    0.0,
    0.0,
    0.0,
    0.0,
    0.0,
    0.0,
    0.0,
    0.0,
    0.0,
    0.0
  ],
  "seasoning_cdr": [
    0.0,
    0.0,
    0.0,
    0.0,
    0.001496,
    0.0,
    0.0,
    0.0,
    0.00059,
    0.001916,
    0.002927,
    0.003842,
    0.004425,
    0.007186,
    0.008858,
    0.011938,
    0.016374,
    0.022285,
    0.027451,
    0.035759,
    0.041335,
    0.048292,
    0.059214,
    0.070574,
    0.083653,
    0.099323,
    0.114982,
    0.131854,
    0.145152,
    0.159865,
    0.176187,
    0.18663,
    0.20706,
    0.22208,
    0.243155,
    0.261131,
    0.270904,
    0.294601,
    0.304643,
    0.322209,
    0.343464,
    0.36028,
    0.366224,
    0.375249,
    0.385763,
    0.395097,
    0.413796,
    0.437035,
    0.455665,
    0.471945,
    0.484496,
    0.514308,
    0.525526,
    0.548314,
    0.557828,
    0.585863,
    0.623698,
    0.649076,
    0.677192,
    0.717851,
    0.737646,
    0.760257,
    0.774566,
    0.813719,
    0.838485,
    0.866065,
    0.860472,
    0.875957,
    0.894223,
    0.923317,
    0.953603,
    0.987946,
    1.065851,
    1.156296,
    1.220524,
    1.264582,
    1.3126,
    1.365219,
    1.40688,
    1.381096,
    1.322889,
    1.370798,
    1.319905,
    1.323391,
    1.304623,
    1.29724,
    1.242398,
    1.306944,
    1.296374,
    1.33801,
    1.429313,
    1.521071,
    1.652962,
    1.603643,
    1.683195,
    1.770765,
    1.833105,
    1.83707,
    1.837498,
    1.874602,
    1.834506,
    1.874042,
    1.833775,
    1.872859,
    1.833592,
    1.912165,
    1.990776,
    2.068891,
    2.108151,
    2.109409,
    2.147746,
    2.148173,
    2.148529,
    2.14796,
    2.187697,
    2.18835,
    2.149028,
    2.18748,
    2.148031,
    2.187045,
    2.226032,
    2.18748,
    2.265816,
    2.226769,
    2.22699,
    2.266342,
    2.28764,
    2.383905,
    2.326112,
    2.042299,
    0.925919,
    0.0,
    0.0,
    0.0,
    0.0,
    0.0,
    0.0,
    0.0,
    0.0,
    0.0,
    0.0,
    0.0,
    0.0,
    0.0,
    0.0,
    0.0,
    0.0,
    0.0,
    0.0,
    0.0,
    0.0,
    0.0,
    0.0,
    0.0,
    0.0,
    0.0,
    0.0,
    0.0,
    0.0,
    0.0,
    0.0,
    0.0,
    0.0,
    0.0,
    0.0,
    0.0,
    0.0,
    0.0,
    0.0,
    0.0,
    0.0,
    0.0,
    0.0,
    0.0,
    0.0,
    0.0,
    0.0,
    0.0,
    0.0,
    0.0,
    0.0
  ],
  "peak_cdr_month": 115,
  "seasonal_factors": [
    1.0139,
    0.9956,
    1.0108,
    1.0101,
    0.9908,
    1.0002,
    0.999,
    0.9815,
    0.967,
    0.977,
    0.9977,
    1.0563
  ],
  "cpr_by_coupon": {
    "4.0": 99.2913,
    "4.5": 99.8269,
    "5.0": 99.881,
    "5.5": 98.8452,
    "6.0": 90.829,
    "3.5": 94.3618,
    "3.0": 73.7677,
    "2.5": 62.7836,
    "2.0": 52.6489,
    "6.5": 54.3063,
    "7.0": 59.2861,
    "7.5": 76.4423,
    "8.0": 87.1403
  },
  "cdr_by_fico": {
    "740-779": 0.239091,
    "780+": 0.103422,
    "660-699": 0.686964,
    "700-739": 0.406276,
    "620-659": 1.039742
  },
  "cdr_by_ltv": {
    "70-80": 0.184426,
    "90-95": 0.293548,
    "80-90": 0.205654,
    "95+": 0.672456,
    "60-70": 0.103757
  }
}